strategy,observations,cagr,annualized_volatility,annualized_mean_over_volatility_rf0,max_drawdown,terminal_wealth,gross_annualized_volatility,annual_traded_notional,annual_cost_fraction_sum,period,first_date,last_date,daily_return_correlation_with_reference,variant,lookback,n_components,weight_cap,cost_bps,pca_space
Equal weight,1527,0.0736677492687,0.0940246466492,0.803037611845,-0.220071824415,1.53835632887,0.0940267656968,0.428620453304,0.000214310226652,all_oos,2020-08-03,2026-08-31,0.959376967233,primary,504,3,0.3,5,covariance
Inverse volatility,1527,0.0377695559691,0.0551428785317,0.699908950372,-0.15565142465,1.251883585,0.055144481833,0.409946997775,0.000204973498887,all_oos,2020-08-03,2026-08-31,0.921871006773,primary,504,3,0.3,5,covariance
Sample GMV,1527,0.0165298444628,0.0388213541239,0.441718581855,-0.12363779242,1.10444633807,0.0388216171727,0.413289211794,0.000206644605897,all_oos,2020-08-03,2026-08-31,0.731242670946,primary,504,3,0.3,5,covariance
Ledoit-Wolf GMV,1527,0.0167140947221,0.0388387545087,0.446204716916,-0.124432447288,1.10565992315,0.0388391125255,0.417262460057,0.000208631230029,all_oos,2020-08-03,2026-08-31,0.732953133564,primary,504,3,0.3,5,covariance
PCA GMV,1527,0.0156603031632,0.0389084997185,0.418820944243,-0.129673602554,1.09873400568,0.0389097472747,0.451828915417,0.000225914457708,all_oos,2020-08-03,2026-08-31,0.736103483433,primary,504,3,0.3,5,covariance
AOM buy & hold,1527,0.0587734935716,0.0797796468335,0.755788212319,-0.199571688009,1.41349648798,,,,all_oos,2020-08-03,2026-08-31,1,primary,504,3,0.3,5,covariance
Equal weight,1111,0.0462301253454,0.0936192832995,0.529546911189,-0.220071824415,1.22048127655,0.0936224390967,0.491400123268,0.000245700061634,development,2020-08-03,2024-12-31,0.96361418251,primary,504,3,0.3,5,covariance
Inverse volatility,1111,0.0199672536777,0.0560148942509,0.380937099547,-0.15565142465,1.09107440016,0.0560175531827,0.462501076154,0.000231250538077,development,2020-08-03,2024-12-31,0.915510996283,primary,504,3,0.3,5,covariance
Sample GMV,1111,0.00588971624526,0.0410705889218,0.163496764243,-0.12363779242,1.0262280591,0.0410718421776,0.454796300557,0.000227398150279,development,2020-08-03,2024-12-31,0.717149033492,primary,504,3,0.3,5,covariance
Ledoit-Wolf GMV,1111,0.00569820151774,0.0410613113629,0.158887066094,-0.124432447288,1.02536692997,0.0410626105475,0.458342761367,0.000229171380684,development,2020-08-03,2024-12-31,0.718060515694,primary,504,3,0.3,5,covariance
PCA GMV,1111,0.00491797861813,0.0413503199003,0.13929550542,-0.129673602554,1.02186449907,0.0413522613819,0.484377033938,0.000242188516969,development,2020-08-03,2024-12-31,0.723839631808,primary,504,3,0.3,5,covariance
AOM buy & hold,1111,0.0382622291436,0.0799239641749,0.509760065295,-0.199571688009,1.18003097065,,,,development,2020-08-03,2024-12-31,1,primary,504,3,0.3,5,covariance
Equal weight,416,0.150523382562,0.0950745343517,1.52253822826,-0.0780455778463,1.26045057669,0.095074263167,0.260956478954,0.000130478239477,historical_test,2025-01-02,2026-08-31,0.948223486589,primary,504,3,0.3,5,covariance
Inverse volatility,416,0.0868515414113,0.0526990447256,1.60690540718,-0.0409166901172,1.14738608551,0.0526979902095,0.269592235566,0.000134796117783,historical_test,2025-01-02,2026-08-31,0.9409245037,primary,504,3,0.3,5,covariance
Sample GMV,416,0.0455010744536,0.0320289310654,1.40534797589,-0.024670381408,1.07621919735,0.0320260687729,0.302437347332,0.000151218673666,historical_test,2025-01-02,2026-08-31,0.795715092473,primary,504,3,0.3,5,covariance
Ledoit-Wolf GMV,416,0.0467289950467,0.0321333275799,1.43742119748,-0.0246492491763,1.07830659526,0.0321307477854,0.307550405356,0.000153775202678,historical_test,2025-01-02,2026-08-31,0.799541916713,primary,504,3,0.3,5,covariance
PCA GMV,416,0.0449157594061,0.0314485229598,1.41289055108,-0.0224329230197,1.07522475502,0.0314475833989,0.364903531577,0.000182451765788,historical_test,2025-01-02,2026-08-31,0.799215111746,primary,504,3,0.3,5,covariance
AOM buy & hold,416,0.115560458553,0.0793950348402,1.4172185623,-0.0654254516627,1.19784694058,,,,historical_test,2025-01-02,2026-08-31,1,primary,504,3,0.3,5,covariance
Equal weight,1527,0.0736677492687,0.0940246466492,0.803037611845,-0.220071824415,1.53835632887,0.0940267656968,0.428620453304,0.000214310226652,all_oos,2020-08-03,2026-08-31,0.959376967233,rank_1,504,1,0.3,5,covariance
Inverse volatility,1527,0.0377695559691,0.0551428785317,0.699908950372,-0.15565142465,1.251883585,0.055144481833,0.409946997775,0.000204973498887,all_oos,2020-08-03,2026-08-31,0.921871006773,rank_1,504,1,0.3,5,covariance
Sample GMV,1527,0.0165298444628,0.0388213541239,0.441718581855,-0.12363779242,1.10444633807,0.0388216171727,0.413289211794,0.000206644605897,all_oos,2020-08-03,2026-08-31,0.731242670946,rank_1,504,1,0.3,5,covariance
Ledoit-Wolf GMV,1527,0.0167140947221,0.0388387545087,0.446204716916,-0.124432447288,1.10565992315,0.0388391125255,0.417262460057,0.000208631230029,all_oos,2020-08-03,2026-08-31,0.732953133564,rank_1,504,1,0.3,5,covariance
PCA GMV,1527,0.00742765468863,0.0423002385117,0.196077574881,-0.142768333891,1.04586230921,0.0423011100546,0.345418334265,0.000172709167132,all_oos,2020-08-03,2026-08-31,0.584524299931,rank_1,504,1,0.3,5,covariance
AOM buy & hold,1527,0.0587734935716,0.0797796468335,0.755788212319,-0.199571688009,1.41349648798,,,,all_oos,2020-08-03,2026-08-31,1,rank_1,504,1,0.3,5,covariance
Equal weight,1111,0.0462301253454,0.0936192832995,0.529546911189,-0.220071824415,1.22048127655,0.0936224390967,0.491400123268,0.000245700061634,development,2020-08-03,2024-12-31,0.96361418251,rank_1,504,1,0.3,5,covariance
Inverse volatility,1111,0.0199672536777,0.0560148942509,0.380937099547,-0.15565142465,1.09107440016,0.0560175531827,0.462501076154,0.000231250538077,development,2020-08-03,2024-12-31,0.915510996283,rank_1,504,1,0.3,5,covariance
Sample GMV,1111,0.00588971624526,0.0410705889218,0.163496764243,-0.12363779242,1.0262280591,0.0410718421776,0.454796300557,0.000227398150279,development,2020-08-03,2024-12-31,0.717149033492,rank_1,504,1,0.3,5,covariance
Ledoit-Wolf GMV,1111,0.00569820151774,0.0410613113629,0.158887066094,-0.124432447288,1.02536692997,0.0410626105475,0.458342761367,0.000229171380684,development,2020-08-03,2024-12-31,0.718060515694,rank_1,504,1,0.3,5,covariance
PCA GMV,1111,-0.00444492294619,0.0459045935239,-0.0741211362948,-0.142768333891,0.9805514635,0.0459060177678,0.423447834433,0.000211723917216,development,2020-08-03,2024-12-31,0.598381514055,rank_1,504,1,0.3,5,covariance
AOM buy & hold,1111,0.0382622291436,0.0799239641749,0.509760065295,-0.199571688009,1.18003097065,,,,development,2020-08-03,2024-12-31,1,rank_1,504,1,0.3,5,covariance
Equal weight,416,0.150523382562,0.0950745343517,1.52253822826,-0.0780455778463,1.26045057669,0.095074263167,0.260956478954,0.000130478239477,historical_test,2025-01-02,2026-08-31,0.948223486589,rank_1,504,1,0.3,5,covariance
Inverse volatility,416,0.0868515414113,0.0526990447256,1.60690540718,-0.0409166901172,1.14738608551,0.0526979902095,0.269592235566,0.000134796117783,historical_test,2025-01-02,2026-08-31,0.9409245037,rank_1,504,1,0.3,5,covariance
Sample GMV,416,0.0455010744536,0.0320289310654,1.40534797589,-0.024670381408,1.07621919735,0.0320260687729,0.302437347332,0.000151218673666,historical_test,2025-01-02,2026-08-31,0.795715092473,rank_1,504,1,0.3,5,covariance
Ledoit-Wolf GMV,416,0.0467289950467,0.0321333275799,1.43742119748,-0.0246492491763,1.07830659526,0.0321307477854,0.307550405356,0.000153775202678,historical_test,2025-01-02,2026-08-31,0.799541916713,rank_1,504,1,0.3,5,covariance
PCA GMV,416,0.0398340491253,0.0306258463218,1.29080514028,-0.0211454075438,1.06660623959,0.0306251432671,0.137027048961,6.85135244803e-05,historical_test,2025-01-02,2026-08-31,0.564464141605,rank_1,504,1,0.3,5,covariance
AOM buy & hold,416,0.115560458553,0.0793950348402,1.4172185623,-0.0654254516627,1.19784694058,,,,historical_test,2025-01-02,2026-08-31,1,rank_1,504,1,0.3,5,covariance
Equal weight,1527,0.0736677492687,0.0940246466492,0.803037611845,-0.220071824415,1.53835632887,0.0940267656968,0.428620453304,0.000214310226652,all_oos,2020-08-03,2026-08-31,0.959376967233,rank_5,504,5,0.3,5,covariance
Inverse volatility,1527,0.0377695559691,0.0551428785317,0.699908950372,-0.15565142465,1.251883585,0.055144481833,0.409946997775,0.000204973498887,all_oos,2020-08-03,2026-08-31,0.921871006773,rank_5,504,5,0.3,5,covariance
Sample GMV,1527,0.0165298444628,0.0388213541239,0.441718581855,-0.12363779242,1.10444633807,0.0388216171727,0.413289211794,0.000206644605897,all_oos,2020-08-03,2026-08-31,0.731242670946,rank_5,504,5,0.3,5,covariance
Ledoit-Wolf GMV,1527,0.0167140947221,0.0388387545087,0.446204716916,-0.124432447288,1.10565992315,0.0388391125255,0.417262460057,0.000208631230029,all_oos,2020-08-03,2026-08-31,0.732953133564,rank_5,504,5,0.3,5,covariance
PCA GMV,1527,0.0163500875926,0.038714909483,0.438258222756,-0.122885827449,1.10326342126,0.0387153363608,0.404270650327,0.000202135325164,all_oos,2020-08-03,2026-08-31,0.732720558912,rank_5,504,5,0.3,5,covariance
AOM buy & hold,1527,0.0587734935716,0.0797796468335,0.755788212319,-0.199571688009,1.41349648798,,,,all_oos,2020-08-03,2026-08-31,1,rank_5,504,5,0.3,5,covariance
Equal weight,1111,0.0462301253454,0.0936192832995,0.529546911189,-0.220071824415,1.22048127655,0.0936224390967,0.491400123268,0.000245700061634,development,2020-08-03,2024-12-31,0.96361418251,rank_5,504,5,0.3,5,covariance
Inverse volatility,1111,0.0199672536777,0.0560148942509,0.380937099547,-0.15565142465,1.09107440016,0.0560175531827,0.462501076154,0.000231250538077,development,2020-08-03,2024-12-31,0.915510996283,rank_5,504,5,0.3,5,covariance
Sample GMV,1111,0.00588971624526,0.0410705889218,0.163496764243,-0.12363779242,1.0262280591,0.0410718421776,0.454796300557,0.000227398150279,development,2020-08-03,2024-12-31,0.717149033492,rank_5,504,5,0.3,5,covariance
Ledoit-Wolf GMV,1111,0.00569820151774,0.0410613113629,0.158887066094,-0.124432447288,1.02536692997,0.0410626105475,0.458342761367,0.000229171380684,development,2020-08-03,2024-12-31,0.718060515694,rank_5,504,5,0.3,5,covariance
PCA GMV,1111,0.00573775733579,0.040965967833,0.160121488332,-0.122885827449,1.02554474343,0.0409672361011,0.455914658869,0.000227957329434,development,2020-08-03,2024-12-31,0.720999809157,rank_5,504,5,0.3,5,covariance
AOM buy & hold,1111,0.0382622291436,0.0799239641749,0.509760065295,-0.199571688009,1.18003097065,,,,development,2020-08-03,2024-12-31,1,rank_5,504,5,0.3,5,covariance
Equal weight,416,0.150523382562,0.0950745343517,1.52253822826,-0.0780455778463,1.26045057669,0.095074263167,0.260956478954,0.000130478239477,historical_test,2025-01-02,2026-08-31,0.948223486589,rank_5,504,5,0.3,5,covariance
Inverse volatility,416,0.0868515414113,0.0526990447256,1.60690540718,-0.0409166901172,1.14738608551,0.0526979902095,0.269592235566,0.000134796117783,historical_test,2025-01-02,2026-08-31,0.9409245037,rank_5,504,5,0.3,5,covariance
Sample GMV,416,0.0455010744536,0.0320289310654,1.40534797589,-0.024670381408,1.07621919735,0.0320260687729,0.302437347332,0.000151218673666,historical_test,2025-01-02,2026-08-31,0.795715092473,rank_5,504,5,0.3,5,covariance
Ledoit-Wolf GMV,416,0.0467289950467,0.0321333275799,1.43742119748,-0.0246492491763,1.07830659526,0.0321307477854,0.307550405356,0.000153775202678,historical_test,2025-01-02,2026-08-31,0.799541916713,rank_5,504,5,0.3,5,covariance
PCA GMV,416,0.0452442579713,0.031913651743,1.40261018616,-0.0246538199129,1.07578282501,0.031911529786,0.266346387132,0.000133173193566,historical_test,2025-01-02,2026-08-31,0.789230534652,rank_5,504,5,0.3,5,covariance
AOM buy & hold,416,0.115560458553,0.0793950348402,1.4172185623,-0.0654254516627,1.19784694058,,,,historical_test,2025-01-02,2026-08-31,1,rank_5,504,5,0.3,5,covariance
Equal weight,1527,0.0736677492687,0.0940246466492,0.803037611845,-0.220071824415,1.53835632887,0.0940267656968,0.428620453304,0.000214310226652,all_oos,2020-08-03,2026-08-31,0.959376967233,lookback_126,126,3,0.3,5,covariance
Inverse volatility,1527,0.0347137957772,0.0549122706723,0.648910575395,-0.159765177792,1.22971251912,0.0549140056442,0.589270288655,0.000294635144328,all_oos,2020-08-03,2026-08-31,0.922161853926,lookback_126,126,3,0.3,5,covariance
Sample GMV,1527,0.016973535079,0.0382165703404,0.459519241079,-0.134172678856,1.10737064385,0.0382244712111,0.888135676818,0.000444067838409,all_oos,2020-08-03,2026-08-31,0.738699865452,lookback_126,126,3,0.3,5,covariance
Ledoit-Wolf GMV,1527,0.0178270226864,0.0386263521975,0.476771522054,-0.134387558332,1.11301404839,0.0386327373155,0.97048932113,0.000485244660565,all_oos,2020-08-03,2026-08-31,0.749860674568,lookback_126,126,3,0.3,5,covariance
PCA GMV,1527,0.0160889575186,0.0382815202361,0.436070933182,-0.132350836853,1.10154690071,0.0382900269052,0.857632273451,0.000428816136726,all_oos,2020-08-03,2026-08-31,0.72939125164,lookback_126,126,3,0.3,5,covariance
AOM buy & hold,1527,0.0587734935716,0.0797796468335,0.755788212319,-0.199571688009,1.41349648798,,,,all_oos,2020-08-03,2026-08-31,1,lookback_126,126,3,0.3,5,covariance
Equal weight,1111,0.0462301253454,0.0936192832995,0.529546911189,-0.220071824415,1.22048127655,0.0936224390967,0.491400123268,0.000245700061634,development,2020-08-03,2024-12-31,0.96361418251,lookback_126,126,3,0.3,5,covariance
Inverse volatility,1111,0.0194257831866,0.0570925917324,0.365510943971,-0.159765177792,1.08852308864,0.0570958988261,0.634000943343,0.000317000471671,development,2020-08-03,2024-12-31,0.923252734869,lookback_126,126,3,0.3,5,covariance
Sample GMV,1111,0.0074544116792,0.0408715356781,0.202123826207,-0.134172678856,1.03328453987,0.0408826529226,0.987533605672,0.000493766802836,development,2020-08-03,2024-12-31,0.753303833727,lookback_126,126,3,0.3,5,covariance
Ledoit-Wolf GMV,1111,0.00786613949929,0.0411232498255,0.211074252868,-0.134387558332,1.03514757377,0.0411342032498,0.992732305382,0.000496366152691,development,2020-08-03,2024-12-31,0.76065180479,lookback_126,126,3,0.3,5,covariance
PCA GMV,1111,0.00746196347208,0.0410324462861,0.201673731502,-0.132350836853,1.03331868774,0.0410441661824,1.00962224641,0.000504811123206,development,2020-08-03,2024-12-31,0.744511071273,lookback_126,126,3,0.3,5,covariance
AOM buy & hold,1111,0.0382622291436,0.0799239641749,0.509760065295,-0.199571688009,1.18003097065,,,,development,2020-08-03,2024-12-31,1,lookback_126,126,3,0.3,5,covariance
Equal weight,416,0.150523382562,0.0950745343517,1.52253822826,-0.0780455778463,1.26045057669,0.095074263167,0.260956478954,0.000130478239477,historical_test,2025-01-02,2026-08-31,0.948223486589,lookback_126,126,3,0.3,5,covariance
Inverse volatility,416,0.0766762724017,0.0485895362004,1.54490336635,-0.03604641994,1.12970733644,0.0485866181693,0.469809333467,0.000234904666734,historical_test,2025-01-02,2026-08-31,0.926879007575,lookback_126,126,3,0.3,5,covariance
Sample GMV,416,0.0428391894287,0.0299838241376,1.41405839278,-0.0224586837906,1.07169961528,0.0299809201837,0.622676304325,0.000311338152163,historical_test,2025-01-02,2026-08-31,0.711095419994,lookback_126,126,3,0.3,5,covariance
Ledoit-Wolf GMV,416,0.044914480939,0.0309724125782,1.4340927395,-0.023810853942,1.07522258332,0.0309629289302,0.91108558194,0.00045554279097,historical_test,2025-01-02,2026-08-31,0.733051784808,lookback_126,126,3,0.3,5,covariance
PCA GMV,416,0.0394926660178,0.0297095680906,1.31863119398,-0.020985815294,1.0660282387,0.0297074146718,0.4517167447,0.00022585837235,historical_test,2025-01-02,2026-08-31,0.701305581563,lookback_126,126,3,0.3,5,covariance
AOM buy & hold,416,0.115560458553,0.0793950348402,1.4172185623,-0.0654254516627,1.19784694058,,,,historical_test,2025-01-02,2026-08-31,1,lookback_126,126,3,0.3,5,covariance
Equal weight,1527,0.0736677492687,0.0940246466492,0.803037611845,-0.220071824415,1.53835632887,0.0940267656968,0.428620453304,0.000214310226652,all_oos,2020-08-03,2026-08-31,0.959376967233,lookback_252,252,3,0.3,5,covariance
Inverse volatility,1527,0.0358886092765,0.0550545125581,0.667990673711,-0.159760214,1.23819725492,0.0550567153113,0.472689454228,0.000236344727114,all_oos,2020-08-03,2026-08-31,0.924069787552,lookback_252,252,3,0.3,5,covariance
Sample GMV,1527,0.0173866705868,0.0385436684353,0.466484087877,-0.132247867828,1.11009937477,0.0385475944877,0.617966151085,0.000308983075543,all_oos,2020-08-03,2026-08-31,0.738502455628,lookback_252,252,3,0.3,5,covariance
Ledoit-Wolf GMV,1527,0.0178481412209,0.0387069465641,0.476395861544,-0.1325881078,1.11315399157,0.0387109874909,0.628882963177,0.000314441481589,all_oos,2020-08-03,2026-08-31,0.743137244325,lookback_252,252,3,0.3,5,covariance
PCA GMV,1527,0.0167167615379,0.038471841605,0.450160241437,-0.129700980317,1.10567749661,0.038476468949,0.625345814274,0.000312672907137,all_oos,2020-08-03,2026-08-31,0.736173334891,lookback_252,252,3,0.3,5,covariance
AOM buy & hold,1527,0.0587734935716,0.0797796468335,0.755788212319,-0.199571688009,1.41349648798,,,,all_oos,2020-08-03,2026-08-31,1,lookback_252,252,3,0.3,5,covariance
Equal weight,1111,0.0462301253454,0.0936192832995,0.529546911189,-0.220071824415,1.22048127655,0.0936224390967,0.491400123268,0.000245700061634,development,2020-08-03,2024-12-31,0.96361418251,lookback_252,252,3,0.3,5,covariance
Inverse volatility,1111,0.0199839435754,0.0570469748871,0.375354447632,-0.159760214,1.09115311334,0.0570505209183,0.531487562187,0.000265743781094,development,2020-08-03,2024-12-31,0.924076508286,lookback_252,252,3,0.3,5,covariance
Sample GMV,1111,0.0061766312419,0.0411573579939,0.170168573542,-0.132247867828,1.02751919338,0.0411638318495,0.684702808031,0.000342351404016,development,2020-08-03,2024-12-31,0.745948208596,lookback_252,252,3,0.3,5,covariance
Ledoit-Wolf GMV,1111,0.00646380229138,0.0412415288336,0.176825014128,-0.1325881078,1.0288127372,0.0412477861163,0.680194244383,0.000340097122191,development,2020-08-03,2024-12-31,0.750072931295,lookback_252,252,3,0.3,5,covariance
PCA GMV,1111,0.00628325896257,0.0412276353043,0.172518403448,-0.129700980317,1.02799934434,0.0412342831375,0.735288339255,0.000367644169627,development,2020-08-03,2024-12-31,0.74547990405,lookback_252,252,3,0.3,5,covariance
AOM buy & hold,1111,0.0382622291436,0.0799239641749,0.509760065295,-0.199571688009,1.18003097065,,,,development,2020-08-03,2024-12-31,1,lookback_252,252,3,0.3,5,covariance
Equal weight,416,0.150523382562,0.0950745343517,1.52253822826,-0.0780455778463,1.26045057669,0.095074263167,0.260956478954,0.000130478239477,historical_test,2025-01-02,2026-08-31,0.948223486589,lookback_252,252,3,0.3,5,covariance
Inverse volatility,416,0.0795909593976,0.0493121062564,1.57781995973,-0.0371913979919,1.13476031895,0.0493105345285,0.315658930328,0.000157829465164,historical_test,2025-01-02,2026-08-31,0.930613745664,lookback_252,252,3,0.3,5,covariance
Sample GMV,416,0.0479410024259,0.0304519216807,1.55307663168,-0.0236416114457,1.08036850496,0.0304472599252,0.439734358136,0.000219867179068,historical_test,2025-01-02,2026-08-31,0.735761122607,lookback_252,252,3,0.3,5,covariance
Ledoit-Wolf GMV,416,0.0488871531118,0.0309031072435,1.56005705341,-0.0247050738703,1.08197920897,0.0308997439576,0.491847305919,0.00024592365296,historical_test,2025-01-02,2026-08-31,0.740541088084,lookback_252,252,3,0.3,5,covariance
PCA GMV,416,0.0451145477746,0.0298685275099,1.49238346652,-0.0218810711239,1.07556245312,0.0298666317038,0.331725272799,0.000165862636399,historical_test,2025-01-02,2026-08-31,0.729747823248,lookback_252,252,3,0.3,5,covariance
AOM buy & hold,416,0.115560458553,0.0793950348402,1.4172185623,-0.0654254516627,1.19784694058,,,,historical_test,2025-01-02,2026-08-31,1,lookback_252,252,3,0.3,5,covariance
Equal weight,1527,0.0736677492687,0.0940246466492,0.803037611845,-0.220071824415,1.53835632887,0.0940267656968,0.428620453304,0.000214310226652,all_oos,2020-08-03,2026-08-31,0.959376967233,correlation_pca,504,3,0.3,5,correlation
Inverse volatility,1527,0.0377695559691,0.0551428785317,0.699908950372,-0.15565142465,1.251883585,0.055144481833,0.409946997775,0.000204973498887,all_oos,2020-08-03,2026-08-31,0.921871006773,correlation_pca,504,3,0.3,5,correlation
Sample GMV,1527,0.0165298444628,0.0388213541239,0.441718581855,-0.12363779242,1.10444633807,0.0388216171727,0.413289211794,0.000206644605897,all_oos,2020-08-03,2026-08-31,0.731242670946,correlation_pca,504,3,0.3,5,correlation
Ledoit-Wolf GMV,1527,0.0167140947221,0.0388387545087,0.446204716916,-0.124432447288,1.10565992315,0.0388391125255,0.417262460057,0.000208631230029,all_oos,2020-08-03,2026-08-31,0.732953133564,correlation_pca,504,3,0.3,5,correlation
PCA GMV,1527,0.01706144334,0.0388220515112,0.455178869619,-0.122372016472,1.10795080216,0.0388225657976,0.411075577318,0.000205537788659,all_oos,2020-08-03,2026-08-31,0.732950997719,correlation_pca,504,3,0.3,5,correlation
AOM buy & hold,1527,0.0587734935716,0.0797796468335,0.755788212319,-0.199571688009,1.41349648798,,,,all_oos,2020-08-03,2026-08-31,1,correlation_pca,504,3,0.3,5,correlation
Equal weight,1111,0.0462301253454,0.0936192832995,0.529546911189,-0.220071824415,1.22048127655,0.0936224390967,0.491400123268,0.000245700061634,development,2020-08-03,2024-12-31,0.96361418251,correlation_pca,504,3,0.3,5,correlation
Inverse volatility,1111,0.0199672536777,0.0560148942509,0.380937099547,-0.15565142465,1.09107440016,0.0560175531827,0.462501076154,0.000231250538077,development,2020-08-03,2024-12-31,0.915510996283,correlation_pca,504,3,0.3,5,correlation
Sample GMV,1111,0.00588971624526,0.0410705889218,0.163496764243,-0.12363779242,1.0262280591,0.0410718421776,0.454796300557,0.000227398150279,development,2020-08-03,2024-12-31,0.717149033492,correlation_pca,504,3,0.3,5,correlation
Ledoit-Wolf GMV,1111,0.00569820151774,0.0410613113629,0.158887066094,-0.124432447288,1.02536692997,0.0410626105475,0.458342761367,0.000229171380684,development,2020-08-03,2024-12-31,0.718060515694,correlation_pca,504,3,0.3,5,correlation
PCA GMV,1111,0.00621157868122,0.0410329319741,0.171405973863,-0.122372016472,1.02767654467,0.0410346213547,0.448254952503,0.000224127476252,development,2020-08-03,2024-12-31,0.717283213044,correlation_pca,504,3,0.3,5,correlation
AOM buy & hold,1111,0.0382622291436,0.0799239641749,0.509760065295,-0.199571688009,1.18003097065,,,,development,2020-08-03,2024-12-31,1,correlation_pca,504,3,0.3,5,correlation
Equal weight,416,0.150523382562,0.0950745343517,1.52253822826,-0.0780455778463,1.26045057669,0.095074263167,0.260956478954,0.000130478239477,historical_test,2025-01-02,2026-08-31,0.948223486589,correlation_pca,504,3,0.3,5,correlation
Inverse volatility,416,0.0868515414113,0.0526990447256,1.60690540718,-0.0409166901172,1.14738608551,0.0526979902095,0.269592235566,0.000134796117783,historical_test,2025-01-02,2026-08-31,0.9409245037,correlation_pca,504,3,0.3,5,correlation
Sample GMV,416,0.0455010744536,0.0320289310654,1.40534797589,-0.024670381408,1.07621919735,0.0320260687729,0.302437347332,0.000151218673666,historical_test,2025-01-02,2026-08-31,0.795715092473,correlation_pca,504,3,0.3,5,correlation
Ledoit-Wolf GMV,416,0.0467289950467,0.0321333275799,1.43742119748,-0.0246492491763,1.07830659526,0.0321307477854,0.307550405356,0.000153775202678,historical_test,2025-01-02,2026-08-31,0.799541916713,correlation_pca,504,3,0.3,5,correlation
PCA GMV,416,0.0466147847824,0.0321582503188,1.43293753946,-0.0247406213228,1.0781123768,0.0321550076423,0.311781620995,0.000155890810498,historical_test,2025-01-02,2026-08-31,0.801933023755,correlation_pca,504,3,0.3,5,correlation
AOM buy & hold,416,0.115560458553,0.0793950348402,1.4172185623,-0.0654254516627,1.19784694058,,,,historical_test,2025-01-02,2026-08-31,1,correlation_pca,504,3,0.3,5,correlation
Equal weight,1527,0.0738978949387,0.0940267656968,0.805301747526,-0.219963564315,1.54035556387,0.0940267656968,0.428709942843,0,all_oos,2020-08-03,2026-08-31,0.959372169608,cost_0bps,504,3,0.3,0,covariance
Inverse volatility,1527,0.0379823153558,0.055144481833,0.703608158514,-0.155486456134,1.25343960614,0.055144481833,0.410041609297,0,all_oos,2020-08-03,2026-08-31,0.921863537042,cost_0bps,504,3,0.3,0,covariance
Sample GMV,1527,0.016739948682,0.0388216171727,0.44703967874,-0.123491104378,1.10583030222,0.0388216171727,0.413389015517,0,all_oos,2020-08-03,2026-08-31,0.731251677463,cost_0bps,504,3,0.3,0,covariance
Ledoit-Wolf GMV,1527,0.0169262572203,0.0388391125255,0.451573544781,-0.124292482262,1.10705873438,0.0388391125255,0.417363350813,0,all_oos,2020-08-03,2026-08-31,0.732959456364,cost_0bps,504,3,0.3,0,covariance
PCA GMV,1527,0.0158898038643,0.0389097472747,0.424615792841,-0.129468090301,1.10023927726,0.0389097472747,0.45192653523,0,all_oos,2020-08-03,2026-08-31,0.736102491409,cost_0bps,504,3,0.3,0,covariance
AOM buy & hold,1527,0.0588608397545,0.0797791406677,0.756826780188,-0.199571688009,1.41420323623,,,,all_oos,2020-08-03,2026-08-31,1,cost_0bps,504,3,0.3,0,covariance
Equal weight,1111,0.0464872462675,0.0936224390967,0.532157359859,-0.219963564315,1.22180420618,0.0936224390967,0.491520133986,0,development,2020-08-03,2024-12-31,0.963611712092,cost_0bps,504,3,0.3,0,covariance
Inverse volatility,1111,0.0202031787554,0.0560175531827,0.385050687654,-0.155486456134,1.09218748168,0.0560175531827,0.462617736722,0,development,2020-08-03,2024-12-31,0.915505611141,cost_0bps,504,3,0.3,0,covariance
Sample GMV,1111,0.00611850922094,0.0410718421776,0.169030459173,-0.123491104378,1.0272575395,0.0410718421776,0.454923959449,0,development,2020-08-03,2024-12-31,0.717164725668,cost_0bps,504,3,0.3,0,covariance
Ledoit-Wolf GMV,1111,0.00592873466739,0.0410626105475,0.164465191576,-0.124292482262,1.02640357055,0.0410626105475,0.458469988375,0,development,2020-08-03,2024-12-31,0.71807502675,cost_0bps,504,3,0.3,0,covariance
PCA GMV,1111,0.00516141735315,0.0413522613819,0.14514843895,-0.129468090301,1.02295630438,0.0413522613819,0.48449773326,0,development,2020-08-03,2024-12-31,0.72385789728,cost_0bps,504,3,0.3,0,covariance
AOM buy & hold,1111,0.0383799571017,0.0799233796342,0.511182085233,-0.199571688009,1.18062098614,,,,development,2020-08-03,2024-12-31,1,cost_0bps,504,3,0.3,0,covariance
Equal weight,416,0.150673511551,0.095074263167,1.5239154673,-0.0780248768386,1.2607220994,0.095074263167,0.2609644564,0,historical_test,2025-01-02,2026-08-31,0.948211852104,cost_0bps,504,3,0.3,0,covariance
Inverse volatility,416,0.0869980556086,0.0526979902095,1.60949527636,-0.0408982334856,1.1476414326,0.0526979902095,0.269627961294,0,historical_test,2025-01-02,2026-08-31,0.940915429008,cost_0bps,504,3,0.3,0,covariance
Sample GMV,416,0.045659187244,0.0320260687729,1.41019333709,-0.024658716765,1.07648789101,0.0320260687729,0.302462759009,0,historical_test,2025-01-02,2026-08-31,0.795727491772,cost_0bps,504,3,0.3,0,covariance
Ledoit-Wolf GMV,416,0.0468899697638,0.0321307477854,1.44232086262,-0.0246393669058,1.0785803617,0.0321307477854,0.307580960593,0,historical_test,2025-01-02,2026-08-31,0.799544964531,cost_0bps,504,3,0.3,0,covariance
PCA GMV,416,0.0451064258655,0.0314475833989,1.41873468094,-0.0224288526088,1.07554865495,0.0314475833989,0.364939513569,0,historical_test,2025-01-02,2026-08-31,0.799164807301,cost_0bps,504,3,0.3,0,covariance
AOM buy & hold,416,0.115560458553,0.0793950348402,1.4172185623,-0.0654254516627,1.19784694058,,,,historical_test,2025-01-02,2026-08-31,1,cost_0bps,504,3,0.3,0,covariance
Equal weight,1527,0.0734377029015,0.0940229810983,0.800770462804,-0.220180065692,1.53636012215,0.0940267656968,0.428531050375,0.000428531050375,all_oos,2020-08-03,2026-08-31,0.959381891803,cost_10bps,504,3,0.3,10,covariance
Inverse volatility,1527,0.0375568935036,0.0551420507238,0.696201446704,-0.155816390771,1.2503298848,0.055144481833,0.409852650085,0.000409852650085,all_oos,2020-08-03,2026-08-31,0.921878229409,cost_10bps,504,3,0.3,10,covariance
Sample GMV,1527,0.0163198408454,0.0388222046929,0.436387462593,-0.123784438109,1.10306448206,0.0388216171727,0.413189519195,0.000413189519195,all_oos,2020-08-03,2026-08-31,0.731234486215,cost_10bps,504,3,0.3,10,covariance
Ledoit-Wolf GMV,1527,0.0165020348912,0.0388395070104,0.440825780243,-0.124572373795,1.10426326384,0.0388391125255,0.417161680053,0.000417161680053,all_oos,2020-08-03,2026-08-31,0.732947626625,cost_10bps,504,3,0.3,10,covariance
PCA GMV,1527,0.0154309085285,0.0389083796908,0.41301626045,-0.129879077826,1.09723114852,0.0389097472747,0.451731408488,0.000451731408488,all_oos,2020-08-03,2026-08-31,0.736104858256,cost_10bps,504,3,0.3,10,covariance
AOM buy & hold,1527,0.0586861982289,0.0797806683363,0.7547458151,-0.199571688009,1.41279044578,,,,all_oos,2020-08-03,2026-08-31,1,cost_10bps,504,3,0.3,10,covariance
Equal weight,1111,0.0459731320446,0.0936167473618,0.526934078411,-0.220180065692,1.21916011052,0.0936224390967,0.491280230018,0.000491280230018,development,2020-08-03,2024-12-31,0.963616839324,cost_10bps,504,3,0.3,10,covariance
Inverse volatility,1111,0.0197314422086,0.05601327353,0.37681821251,-0.155816390771,1.08996273128,0.0560175531827,0.462384771336,0.000462384771336,development,2020-08-03,2024-12-31,0.915516538288,cost_10bps,504,3,0.3,10,covariance
Sample GMV,1111,0.00566104463456,0.0410707566508,0.157960371207,-0.123784438109,1.02519992205,0.0410718421776,0.454668777624,0.000454668777624,development,2020-08-03,2024-12-31,0.717136590151,cost_10bps,504,3,0.3,10,covariance
Ledoit-Wolf GMV,1111,0.00546779010569,0.0410614330998,0.153306377557,-0.124572373795,1.02433164585,0.0410626105475,0.458215668844,0.000458215668844,development,2020-08-03,2024-12-31,0.718049215754,cost_10bps,504,3,0.3,10,covariance
PCA GMV,1111,0.00467466073666,0.0413497974768,0.133440357478,-0.129879077826,1.02077413629,0.0413522613819,0.48425647546,0.00048425647546,development,2020-08-03,2024-12-31,0.723824300416,cost_10bps,504,3,0.3,10,covariance
AOM buy & hold,1111,0.0381445733431,0.0799252558436,0.508334985547,-0.199571688009,1.17944154459,,,,development,2020-08-03,2024-12-31,1,cost_10bps,504,3,0.3,10,covariance
Equal weight,416,0.150373280477,0.0950748219456,1.52116081854,-0.0780662802399,1.26017912568,0.095074263167,0.260948505704,0.000260948505704,historical_test,2025-01-02,2026-08-31,0.948234958308,cost_10bps,504,3,0.3,10,covariance
Inverse volatility,416,0.0867050838582,0.0527001310402,1.60431535122,-0.0409351421595,1.14713085954,0.0526979902095,0.269556528187,0.000269556528187,historical_test,2025-01-02,2026-08-31,0.940933003711,cost_10bps,504,3,0.3,10,covariance
Sample GMV,416,0.0453430089888,0.0320318825711,1.40050037174,-0.0246820420683,1.07595061055,0.0320260687729,0.302411980457,0.000302411980457,historical_test,2025-01-02,2026-08-31,0.795700458035,cost_10bps,504,3,0.3,10,covariance
Ledoit-Wolf GMV,416,0.0465680742569,0.0321359860977,1.43251975916,-0.0246591281532,1.07803294793,0.0321307477854,0.307519897491,0.000307519897491,historical_test,2025-01-02,2026-08-31,0.799536886473,cost_10bps,504,3,0.3,10,covariance
PCA GMV,416,0.0447251606038,0.0314496013064,1.40704170456,-0.022436994629,1.07490100847,0.0314475833989,0.364867587799,0.000364867587799,historical_test,2025-01-02,2026-08-31,0.799261878996,cost_10bps,504,3,0.3,10,covariance
AOM buy & hold,416,0.115560458553,0.0793950348402,1.4172185623,-0.0654254516627,1.19784694058,,,,historical_test,2025-01-02,2026-08-31,1,cost_10bps,504,3,0.3,10,covariance
Equal weight,1527,0.0736677492687,0.0940246466492,0.803037611845,-0.220071824415,1.53835632887,0.0940267656968,0.428620453304,0.000214310226652,all_oos,2020-08-03,2026-08-31,0.959376967233,cap_20pct,504,3,0.2,5,covariance
Inverse volatility,1527,0.0420246189899,0.0624467907365,0.690448954886,-0.171263037332,1.28331137598,0.0624484940532,0.418094797258,0.000209047398629,all_oos,2020-08-03,2026-08-31,0.931753225882,cap_20pct,504,3,0.2,5,covariance
Sample GMV,1527,0.0289279851763,0.0532891907301,0.561795636661,-0.152452644569,1.18863106965,0.0532908274303,0.568688955485,0.000284344477743,all_oos,2020-08-03,2026-08-31,0.786470711736,cap_20pct,504,3,0.2,5,covariance
Ledoit-Wolf GMV,1527,0.028988934882,0.0532929572862,0.562871502678,-0.15284783887,1.18905778404,0.0532946953681,0.566199820706,0.000283099910362,all_oos,2020-08-03,2026-08-31,0.788850038351,cap_20pct,504,3,0.2,5,covariance
PCA GMV,1527,0.0264743335869,0.0540416181183,0.510537507055,-0.164089035532,1.17155868836,0.054045420093,0.676591964801,0.000338295982401,all_oos,2020-08-03,2026-08-31,0.792337795059,cap_20pct,504,3,0.2,5,covariance
AOM buy & hold,1527,0.0587734935716,0.0797796468335,0.755788212319,-0.199571688009,1.41349648798,,,,all_oos,2020-08-03,2026-08-31,1,cap_20pct,504,3,0.2,5,covariance
Equal weight,1111,0.0462301253454,0.0936192832995,0.529546911189,-0.220071824415,1.22048127655,0.0936224390967,0.491400123268,0.000245700061634,development,2020-08-03,2024-12-31,0.96361418251,cap_20pct,504,3,0.2,5,covariance
Inverse volatility,1111,0.0227317124597,0.0633031640798,0.386701238581,-0.171263037332,1.10417218009,0.0633059706454,0.470211204616,0.000235105602308,development,2020-08-03,2024-12-31,0.927413539718,cap_20pct,504,3,0.2,5,covariance
Sample GMV,1111,0.0135392824844,0.055080766905,0.271675565264,-0.152452644569,1.06108351159,0.055083937257,0.653122329458,0.000326561164729,development,2020-08-03,2024-12-31,0.771588652627,cap_20pct,504,3,0.2,5,covariance
Ledoit-Wolf GMV,1111,0.0134553606672,0.0550827999034,0.270164313223,-0.15284783887,1.06069622176,0.0550860842398,0.641051488627,0.000320525744313,development,2020-08-03,2024-12-31,0.774200995254,cap_20pct,504,3,0.2,5,covariance
PCA GMV,1111,0.0123060462765,0.0561176058578,0.245987040889,-0.164089035532,1.0554032535,0.0561238616957,0.712959643722,0.000356479821861,development,2020-08-03,2024-12-31,0.778318788532,cap_20pct,504,3,0.2,5,covariance
AOM buy & hold,1111,0.0382622291436,0.0799239641749,0.509760065295,-0.199571688009,1.18003097065,,,,development,2020-08-03,2024-12-31,1,cap_20pct,504,3,0.2,5,covariance
Equal weight,416,0.150523382562,0.0950745343517,1.52253822826,-0.0780455778463,1.26045057669,0.095074263167,0.260956478954,0.000130478239477,historical_test,2025-01-02,2026-08-31,0.948223486589,cap_20pct,504,3,0.2,5,covariance
Inverse volatility,416,0.0953523625971,0.060061789306,1.54656420934,-0.0478230563656,1.16223846165,0.060060705239,0.278908911262,0.000139454455631,historical_test,2025-01-02,2026-08-31,0.944645654337,cap_20pct,504,3,0.2,5,covariance
Sample GMV,416,0.0711811361224,0.048151186026,1.45223951888,-0.0368565039919,1.12020501372,0.0481486583999,0.343195016821,0.00017159750841,historical_test,2025-01-02,2026-08-31,0.836544320922,cap_20pct,504,3,0.2,5,covariance
Ledoit-Wolf GMV,416,0.0716510301806,0.0481585617323,1.46113431169,-0.0368798823625,1.12101632838,0.0481560448178,0.366295486425,0.000183147743245,historical_test,2025-01-02,2026-08-31,0.838211051452,cap_20pct,504,3,0.2,5,covariance
PCA GMV,416,0.0652927751826,0.048046309397,1.34054743449,-0.0354307164658,1.11005787076,0.0480426949435,0.579465783838,0.000289732891919,historical_test,2025-01-02,2026-08-31,0.842501747331,cap_20pct,504,3,0.2,5,covariance
AOM buy & hold,416,0.115560458553,0.0793950348402,1.4172185623,-0.0654254516627,1.19784694058,,,,historical_test,2025-01-02,2026-08-31,1,cap_20pct,504,3,0.2,5,covariance
Equal weight,1527,0.0736677492687,0.0940246466492,0.803037611845,-0.220071824415,1.53835632887,0.0940267656968,0.428620453304,0.000214310226652,all_oos,2020-08-03,2026-08-31,0.959376967233,cap_50pct,504,3,0.5,5,covariance
Inverse volatility,1527,0.0368433260603,0.0500867834358,0.747425041974,-0.134690739252,1.24512836005,0.05008799363,0.422702364693,0.000211351182347,all_oos,2020-08-03,2026-08-31,0.907129809048,cap_50pct,504,3,0.5,5,covariance
Sample GMV,1527,0.0138809412589,0.0281507448597,0.503777291838,-0.099495752952,1.08712159471,0.0281509979102,0.314264896495,0.000157132448309,all_oos,2020-08-03,2026-08-31,0.613334175161,cap_50pct,504,3,0.5,5,covariance
Ledoit-Wolf GMV,1527,0.0155257143052,0.0286138822145,0.552734895456,-0.10022446948,1.09785205133,0.0286139322479,0.398717627002,0.000199358813501,all_oos,2020-08-03,2026-08-31,0.648524209665,cap_50pct,504,3,0.5,5,covariance
PCA GMV,1527,0.0138916089847,0.0282046023769,0.503242171654,-0.100726480847,1.08719090745,0.028206280868,0.403492443579,0.000201746221789,all_oos,2020-08-03,2026-08-31,0.614206685607,cap_50pct,504,3,0.5,5,covariance
AOM buy & hold,1527,0.0587734935716,0.0797796468335,0.755788212319,-0.199571688009,1.41349648798,,,,all_oos,2020-08-03,2026-08-31,1,cap_50pct,504,3,0.5,5,covariance
Equal weight,1111,0.0462301253454,0.0936192832995,0.529546911189,-0.220071824415,1.22048127655,0.0936224390967,0.491400123268,0.000245700061634,development,2020-08-03,2024-12-31,0.96361418251,cap_50pct,504,3,0.5,5,covariance
Inverse volatility,1111,0.0199057450361,0.0500119600099,0.419097193973,-0.134690739252,1.09078434997,0.0500140941405,0.468851447743,0.000234425723872,development,2020-08-03,2024-12-31,0.895156473638,cap_50pct,504,3,0.5,5,covariance
Sample GMV,1111,0.00723031678002,0.0304635366441,0.251705221055,-0.099495752952,1.03227161935,0.030464321702,0.365158787347,0.000182579393759,development,2020-08-03,2024-12-31,0.606138744819,cap_50pct,504,3,0.5,5,covariance
Ledoit-Wolf GMV,1111,0.00792411912433,0.0307634814285,0.271933714299,-0.10022446948,1.03541013519,0.0307643795053,0.44164543944,0.00022082271972,development,2020-08-03,2024-12-31,0.636441462097,cap_50pct,504,3,0.5,5,covariance
PCA GMV,1111,0.00682184814476,0.0305549627739,0.237767908646,-0.100726480847,1.03042729522,0.0305570052575,0.465505789782,0.000232752894891,development,2020-08-03,2024-12-31,0.605346429172,cap_50pct,504,3,0.5,5,covariance
AOM buy & hold,1111,0.0382622291436,0.0799239641749,0.509760065295,-0.199571688009,1.18003097065,,,,development,2020-08-03,2024-12-31,1,cap_50pct,504,3,0.5,5,covariance
Equal weight,416,0.150523382562,0.0950745343517,1.52253822826,-0.0780455778463,1.26045057669,0.095074263167,0.260956478954,0.000130478239477,historical_test,2025-01-02,2026-08-31,0.948223486589,cap_50pct,504,3,0.5,5,covariance
Inverse volatility,416,0.0834695838842,0.0502411960532,1.62095619041,-0.0396333914692,1.14149818897,0.050240245608,0.299453251068,0.000149726625534,historical_test,2025-01-02,2026-08-31,0.939094829168,cap_50pct,504,3,0.5,5,covariance
Sample GMV,416,0.0318586220668,0.0207395805423,1.52260244391,-0.0158387545612,1.0531352159,0.0207380704638,0.178343952416,8.91719762079e-05,historical_test,2025-01-02,2026-08-31,0.675788807272,cap_50pct,504,3,0.5,5,covariance
Ledoit-Wolf GMV,416,0.0361092792214,0.0218442375512,1.63489840537,-0.0178681596961,1.06030645636,0.0218413808602,0.284071474072,0.000142035737036,historical_test,2025-01-02,2026-08-31,0.722255720902,cap_50pct,504,3,0.5,5,covariance
PCA GMV,416,0.0330169102081,0.0206434499931,1.58394971812,-0.0159297983151,1.05508745012,0.0206442017607,0.237875069463,0.000118937534732,historical_test,2025-01-02,2026-08-31,0.684989430643,cap_50pct,504,3,0.5,5,covariance
AOM buy & hold,416,0.115560458553,0.0793950348402,1.4172185623,-0.0654254516627,1.19784694058,,,,historical_test,2025-01-02,2026-08-31,1,cap_50pct,504,3,0.5,5,covariance
