strategy,observations,cagr,annualized_volatility,annualized_mean_over_volatility_rf0,max_drawdown,terminal_wealth,year,first_date,last_date,compounded_period_return
Equal weight,106,0.373433634851,0.16628110599,1.99201453713,-0.0819370199122,1.1427907648,2020,2020-08-03,2020-12-31,0.142790764796
Inverse volatility,106,0.364871077884,0.158996650312,2.03654976486,-0.0795922493391,1.13978846504,2020,2020-08-03,2020-12-31,0.139788465042
Sample GMV,106,0.271347598186,0.141002475524,1.77349631367,-0.073969768246,1.10625999733,2020,2020-08-03,2020-12-31,0.106259997326
Ledoit-Wolf GMV,106,0.273200669142,0.140039941798,1.79513452056,-0.0726612657497,1.10693796191,2020,2020-08-03,2020-12-31,0.106937961906
PCA GMV,106,0.26598928222,0.141580228442,1.73697285651,-0.0746106184355,1.10429637646,2020,2020-08-03,2020-12-31,0.104296376463
SPY buy & hold,106,0.382577467255,0.169837904396,1.99312585075,-0.0944042873637,1.14598492845,2020,2020-08-03,2020-12-31,0.145984928448
Equal weight,252,0.299442884916,0.121071079158,2.22497749492,-0.0472933402982,1.29944288492,2021,2021-01-04,2021-12-31,0.299442884916
Inverse volatility,252,0.282710302724,0.116275566045,2.20029860531,-0.0503299810023,1.28271030272,2021,2021-01-04,2021-12-31,0.282710302724
Sample GMV,252,0.203034039804,0.105028867418,1.81302607026,-0.0600225725176,1.2030340398,2021,2021-01-04,2021-12-31,0.203034039804
Ledoit-Wolf GMV,252,0.206507322825,0.104604394408,1.8475402716,-0.0595151411586,1.20650732282,2021,2021-01-04,2021-12-31,0.206507322825
PCA GMV,252,0.196190626858,0.104998879927,1.75913738293,-0.0660032952149,1.19619062686,2021,2021-01-04,2021-12-31,0.196190626858
SPY buy & hold,252,0.287287493808,0.129887308804,2.00999527802,-0.0511414480235,1.28728749381,2021,2021-01-04,2021-12-31,0.287287493808
Equal weight,251,-0.107215254751,0.214067862033,-0.423010557487,-0.192631314576,0.893186623435,2022,2022-01-03,2022-12-30,-0.106813376565
Inverse volatility,251,-0.115736035938,0.207964407026,-0.487690559947,-0.201004664611,0.884695673244,2022,2022-01-03,2022-12-30,-0.115304326756
Sample GMV,251,-0.0750620575402,0.182122525996,-0.337577896238,-0.177531253933,0.925224382213,2022,2022-01-03,2022-12-30,-0.0747756177867
Ledoit-Wolf GMV,251,-0.0730605448918,0.181805043805,-0.326599351919,-0.175927808368,0.927218561175,2022,2022-01-03,2022-12-30,-0.0727814388252
PCA GMV,251,-0.0735699459009,0.180032194783,-0.334655783916,-0.170051537625,0.92671102827,2022,2022-01-03,2022-12-30,-0.0732889717297
SPY buy & hold,251,-0.182407351008,0.242429634719,-0.70958801828,-0.244963938609,0.81824630635,2022,2022-01-03,2022-12-30,-0.18175369365
Equal weight,250,0.171903141776,0.126705658072,1.31540233306,-0.103743303858,1.17042869015,2023,2023-01-03,2023-12-29,0.170428690147
Inverse volatility,250,0.145518720731,0.12243551898,1.17086751504,-0.106246417918,1.1442842484,2023,2023-01-03,2023-12-29,0.144284248401
Sample GMV,250,0.00811916505468,0.109759372927,0.128328625706,-0.103449861609,1.00805446843,2023,2023-01-03,2023-12-29,0.00805446842731
Ledoit-Wolf GMV,250,0.00907823555652,0.109586550471,0.137036187072,-0.103322571017,1.00900586261,2023,2023-01-03,2023-12-29,0.00900586260753
PCA GMV,250,0.0119335584014,0.109236764296,0.162992542167,-0.0980272499248,1.01183828922,2023,2023-01-03,2023-12-29,0.0118382892217
SPY buy & hold,250,0.26410710317,0.130755406786,1.85829962304,-0.0997431325567,1.26175798891,2023,2023-01-03,2023-12-29,0.261757988915
Equal weight,252,0.164253777233,0.10371716575,1.51851393556,-0.0635134100406,1.16425377723,2024,2024-01-02,2024-12-31,0.164253777233
Inverse volatility,252,0.155656658159,0.0999182932983,1.49814569953,-0.0646915315508,1.15565665816,2024,2024-01-02,2024-12-31,0.155656658159
Sample GMV,252,0.121683179851,0.088189174086,1.34633153587,-0.0659729959281,1.12168317985,2024,2024-01-02,2024-12-31,0.121683179851
Ledoit-Wolf GMV,252,0.121641106146,0.0881180863877,1.34692158071,-0.0659029218294,1.12164110615,2024,2024-01-02,2024-12-31,0.121641106146
PCA GMV,252,0.125039671237,0.0877235175067,1.38709692213,-0.0649356493394,1.12503967124,2024,2024-01-02,2024-12-31,0.125039671237
SPY buy & hold,252,0.248864630756,0.125689679675,1.83162162488,-0.0840560880522,1.24886463076,2024,2024-01-02,2024-12-31,0.248864630756
Equal weight,250,0.134049618572,0.155737072634,0.885276918259,-0.150040682341,1.13291797939,2025,2025-01-02,2025-12-31,0.132917979389
Inverse volatility,250,0.12539612138,0.149684391957,0.863786145593,-0.141488004615,1.12434146696,2025,2025-01-02,2025-12-31,0.124341466959
Sample GMV,250,0.102191064428,0.13206638476,0.802747185052,-0.113793542276,1.10134025588,2025,2025-01-02,2025-12-31,0.101340255885
Ledoit-Wolf GMV,250,0.102309423604,0.13201275984,0.803833363555,-0.113731417443,1.10145758501,2025,2025-01-02,2025-12-31,0.101457585013
PCA GMV,250,0.103145092685,0.132446700466,0.807364130414,-0.115535568937,1.10228597865,2025,2025-01-02,2025-12-31,0.102285978648
SPY buy & hold,250,0.178727971361,0.194867383544,0.940073922692,-0.187552262606,1.17719067981,2025,2025-01-02,2025-12-31,0.177190679812
Equal weight,166,0.200705766668,0.0944125948273,1.98497042131,-0.0617855874628,1.12804722574,2026,2026-01-02,2026-08-31,0.128047225735
Inverse volatility,166,0.182020134911,0.0952982191797,1.80269758469,-0.0663056340022,1.11645235754,2026,2026-01-02,2026-08-31,0.116452357541
Sample GMV,166,0.112145283804,0.100666182418,1.10614115784,-0.0712188879242,1.07252639337,2026,2026-01-02,2026-08-31,0.0725263933667
Ledoit-Wolf GMV,166,0.120528905882,0.0993300123961,1.1953209172,-0.0699711296646,1.07784537626,2026,2026-01-02,2026-08-31,0.0778453762595
PCA GMV,166,0.119269547603,0.0961510765171,1.21993094677,-0.0664558541286,1.07704724638,2026,2026-01-02,2026-08-31,0.0770472463818
SPY buy & hold,166,0.205183147068,0.134548149161,1.45444277119,-0.0888496817552,1.13081637433,2026,2026-01-02,2026-08-31,0.13081637433
